-- category
INSERT INTO public.category (id, category_number, category_name) VALUES (1, 1, 'Особой важности');
INSERT INTO public.category (id, category_number, category_name) VALUES (2, 2, 'Совершенно секретно');
INSERT INTO public.category (id, category_number, category_name) VALUES (3, 3, 'Секретно');

-- certificate
INSERT INTO public.certificate (id, cert_number, approve_date, recert_date, id_category, cert_creator, created) VALUES (26, '735648', '2022-07-01', '2027-07-01', 2, 'Орган по сертификации продукции и услуг ООО "НТЦ "СЕРТЭК"', '2022-07-15 07:54:45.822823 +00:00');
INSERT INTO public.certificate (id, cert_number, approve_date, recert_date, id_category, cert_creator, created) VALUES (29, '405178', '2022-07-01', '2027-07-01', 2, 'Орган по сертификации продукции и услуг ООО "НТЦ "СЕРТЭК"', '2022-07-15 07:54:45.822823 +00:00');
INSERT INTO public.certificate (id, cert_number, approve_date, recert_date, id_category, cert_creator, created) VALUES (30, '696120', '2022-07-01', '2024-07-01', 1, 'ВАС', '2022-07-15 07:54:45.822823 +00:00');
INSERT INTO public.certificate (id, cert_number, approve_date, recert_date, id_category, cert_creator, created) VALUES (21, '354646', '2022-07-01', '2024-07-01', 1, 'ВАС', '2022-07-15 07:54:45.822823 +00:00');
INSERT INTO public.certificate (id, cert_number, approve_date, recert_date, id_category, cert_creator, created) VALUES (14, '123065', '2022-07-01', '2027-07-01', 2, 'Орган по сертификации продукции и услуг ООО "НТЦ "СЕРТЭК"', '2022-07-15 07:54:45.822823 +00:00');
INSERT INTO public.certificate (id, cert_number, approve_date, recert_date, id_category, cert_creator, created) VALUES (13, '235665', '2022-07-01', '2023-07-01', 3, 'Орган ТЗИ', '2022-07-15 07:54:45.822823 +00:00');
INSERT INTO public.certificate (id, cert_number, approve_date, recert_date, id_category, cert_creator, created) VALUES (22, '239764', '2022-07-01', '2023-07-01', 3, 'Орган ТЗИ', '2022-07-15 07:54:45.822823 +00:00');
INSERT INTO public.certificate (id, cert_number, approve_date, recert_date, id_category, cert_creator, created) VALUES (19, '345665', '2022-07-01', '2023-07-01', 3, 'Орган ТЗИ', '2022-07-15 07:54:45.822823 +00:00');
INSERT INTO public.certificate (id, cert_number, approve_date, recert_date, id_category, cert_creator, created) VALUES (24, '064356', '2022-07-01', '2024-07-01', 1, 'ВАС', '2022-07-15 07:54:45.822823 +00:00');
INSERT INTO public.certificate (id, cert_number, approve_date, recert_date, id_category, cert_creator, created) VALUES (27, '097652', '2022-07-01', '2024-07-01', 1, 'ВАС', '2022-07-15 07:54:45.822823 +00:00');
INSERT INTO public.certificate (id, cert_number, approve_date, recert_date, id_category, cert_creator, created) VALUES (17, '456335', '2022-07-01', '2027-07-01', 2, 'Орган по сертификации продукции и услуг ООО "НТЦ "СЕРТЭК"', '2022-07-15 07:54:45.822823 +00:00');
INSERT INTO public.certificate (id, cert_number, approve_date, recert_date, id_category, cert_creator, created) VALUES (25, '012687', '2022-07-01', '2023-07-01', 3, 'Орган ТЗИ', '2022-07-15 07:54:45.822823 +00:00');
INSERT INTO public.certificate (id, cert_number, approve_date, recert_date, id_category, cert_creator, created) VALUES (16, '347565', '2022-07-01', '2023-07-01', 3, 'Орган ТЗИ', '2022-07-15 07:54:45.822823 +00:00');
INSERT INTO public.certificate (id, cert_number, approve_date, recert_date, id_category, cert_creator, created) VALUES (11, '347538', '2022-07-01', '2027-07-01', 2, 'Орган по сертификации продукции и услуг ООО "НТЦ "СЕРТЭК"', '2022-07-15 07:54:45.822823 +00:00');
INSERT INTO public.certificate (id, cert_number, approve_date, recert_date, id_category, cert_creator, created) VALUES (12, '121456', '2022-07-01', '2024-07-01', 1, 'ВАС', '2022-07-15 07:54:45.822823 +00:00');
INSERT INTO public.certificate (id, cert_number, approve_date, recert_date, id_category, cert_creator, created) VALUES (15, '265634', '2022-07-01', '2024-07-01', 1, 'ВАС', '2022-07-15 07:54:45.822823 +00:00');
INSERT INTO public.certificate (id, cert_number, approve_date, recert_date, id_category, cert_creator, created) VALUES (20, '345653', '2022-07-01', '2027-07-01', 2, 'Орган по сертификации продукции и услуг ООО "НТЦ "СЕРТЭК"', '2022-07-15 07:54:45.822823 +00:00');
INSERT INTO public.certificate (id, cert_number, approve_date, recert_date, id_category, cert_creator, created) VALUES (23, '345617', '2022-07-01', '2027-07-01', 2, 'Орган по сертификации продукции и услуг ООО "НТЦ "СЕРТЭК"', '2022-07-15 07:54:45.822823 +00:00');
INSERT INTO public.certificate (id, cert_number, approve_date, recert_date, id_category, cert_creator, created) VALUES (18, '346435', '2022-07-01', '2024-07-01', 1, 'ВАС', '2022-07-15 07:54:45.822823 +00:00');
INSERT INTO public.certificate (id, cert_number, approve_date, recert_date, id_category, cert_creator, created) VALUES (28, '943903', '2022-07-01', '2023-07-01', 3, 'Орган ТЗИ', '2022-07-15 07:54:45.822823 +00:00');
INSERT INTO public.certificate (id, cert_number, approve_date, recert_date, id_category, cert_creator, created) VALUES (1, '235235', '2022-07-01', '2024-07-01', 3, 'Орган ТЗИ', '2022-07-15 07:54:45.822823 +00:00');
INSERT INTO public.certificate (id, cert_number, approve_date, recert_date, id_category, cert_creator, created) VALUES (3, '574764', '2022-07-01', '2027-07-01', 1, 'ВАС', '2022-07-15 07:54:45.822823 +00:00');
INSERT INTO public.certificate (id, cert_number, approve_date, recert_date, id_category, cert_creator, created) VALUES (8, '347657', '2022-07-01', '2027-07-01', 2, 'Орган по сертификации продукции и услуг ООО "НТЦ "СЕРТЭК"', '2022-07-15 07:54:45.822823 +00:00');
INSERT INTO public.certificate (id, cert_number, approve_date, recert_date, id_category, cert_creator, created) VALUES (9, '676989', '2022-07-01', '2024-07-01', 1, 'ВАС', '2022-07-15 07:54:45.822823 +00:00');
INSERT INTO public.certificate (id, cert_number, approve_date, recert_date, id_category, cert_creator, created) VALUES (6, '457346', '2022-07-01', '2024-07-01', 1, 'ВАС', '2022-07-15 07:54:45.822823 +00:00');
INSERT INTO public.certificate (id, cert_number, approve_date, recert_date, id_category, cert_creator, created) VALUES (7, '347356', '2022-07-01', '2023-07-01', 3, 'Орган ТЗИ', '2022-07-15 07:54:45.822823 +00:00');
INSERT INTO public.certificate (id, cert_number, approve_date, recert_date, id_category, cert_creator, created) VALUES (4, '567892', '2022-07-01', '2024-07-01', 3, 'Орган ТЗИ', '2022-07-15 07:54:45.822823 +00:00');
INSERT INTO public.certificate (id, cert_number, approve_date, recert_date, id_category, cert_creator, created) VALUES (5, '135256', '2022-07-01', '2027-07-01', 2, 'Орган по сертификации продукции и услуг ООО "НТЦ "СЕРТЭК"', '2022-07-15 07:54:45.822823 +00:00');
INSERT INTO public.certificate (id, cert_number, approve_date, recert_date, id_category, cert_creator, created) VALUES (10, '235266', '2022-07-01', '2023-07-01', 3, 'Орган ТЗИ', '2022-07-15 07:54:45.822823 +00:00');
INSERT INTO public.certificate (id, cert_number, approve_date, recert_date, id_category, cert_creator, created) VALUES (2, '352354', '2022-07-01', '2023-07-01', 2, 'Орган по сертификации продукции и услуг ООО "НТЦ "СЕРТЭК"', '2022-07-15 07:54:45.822823 +00:00');

-- special_check_result
INSERT INTO public.special_check_result (id, scr_number, approve_date, created) VALUES (2, '345634', '2022-07-01', '2022-07-15 07:54:06.057078 +00:00');
INSERT INTO public.special_check_result (id, scr_number, approve_date, created) VALUES (3, '468747', '2022-07-01', '2022-07-15 07:54:06.057078 +00:00');
INSERT INTO public.special_check_result (id, scr_number, approve_date, created) VALUES (4, '456742', '2022-07-01', '2022-07-15 07:54:06.057078 +00:00');
INSERT INTO public.special_check_result (id, scr_number, approve_date, created) VALUES (5, '345453', '2022-07-01', '2022-07-15 07:54:06.057078 +00:00');
INSERT INTO public.special_check_result (id, scr_number, approve_date, created) VALUES (6, '654334', '2022-07-01', '2022-07-15 07:54:06.057078 +00:00');
INSERT INTO public.special_check_result (id, scr_number, approve_date, created) VALUES (7, '523454', '2022-07-01', '2022-07-15 07:54:06.057078 +00:00');
INSERT INTO public.special_check_result (id, scr_number, approve_date, created) VALUES (8, '835636', '2022-07-01', '2022-07-15 07:54:06.057078 +00:00');
INSERT INTO public.special_check_result (id, scr_number, approve_date, created) VALUES (9, '356436', '2022-07-01', '2022-07-15 07:54:06.057078 +00:00');
INSERT INTO public.special_check_result (id, scr_number, approve_date, created) VALUES (10, '796587', '2022-07-01', '2022-07-15 07:54:06.057078 +00:00');
INSERT INTO public.special_check_result (id, scr_number, approve_date, created) VALUES (11, '456765', '2022-07-01', '2022-07-15 07:54:06.057078 +00:00');
INSERT INTO public.special_check_result (id, scr_number, approve_date, created) VALUES (12, '856726', '2022-07-01', '2022-07-15 07:54:06.057078 +00:00');
INSERT INTO public.special_check_result (id, scr_number, approve_date, created) VALUES (13, '987943', '2022-07-01', '2022-07-15 07:54:06.057078 +00:00');
INSERT INTO public.special_check_result (id, scr_number, approve_date, created) VALUES (14, '245324', '2022-07-01', '2022-07-15 07:54:06.057078 +00:00');
INSERT INTO public.special_check_result (id, scr_number, approve_date, created) VALUES (15, '123445', '2022-07-01', '2022-07-15 07:54:06.057078 +00:00');
INSERT INTO public.special_check_result (id, scr_number, approve_date, created) VALUES (16, '745665', '2022-07-01', '2022-07-15 07:54:06.057078 +00:00');
INSERT INTO public.special_check_result (id, scr_number, approve_date, created) VALUES (17, '634566', '2022-07-01', '2022-07-15 07:54:06.057078 +00:00');
INSERT INTO public.special_check_result (id, scr_number, approve_date, created) VALUES (18, '356865', '2022-07-01', '2022-07-15 07:54:06.057078 +00:00');
INSERT INTO public.special_check_result (id, scr_number, approve_date, created) VALUES (19, '635643', '2022-07-01', '2022-07-15 07:54:06.057078 +00:00');
INSERT INTO public.special_check_result (id, scr_number, approve_date, created) VALUES (20, '709274', '2022-07-01', '2022-07-15 07:54:06.057078 +00:00');
INSERT INTO public.special_check_result (id, scr_number, approve_date, created) VALUES (21, '235234', '2022-07-01', '2022-07-15 07:54:06.057078 +00:00');
INSERT INTO public.special_check_result (id, scr_number, approve_date, created) VALUES (22, '154324', '2022-07-01', '2022-07-15 07:54:06.057078 +00:00');
INSERT INTO public.special_check_result (id, scr_number, approve_date, created) VALUES (23, '735634', '2022-07-01', '2022-07-15 07:54:06.057078 +00:00');
INSERT INTO public.special_check_result (id, scr_number, approve_date, created) VALUES (24, '325686', '2022-07-01', '2022-07-15 07:54:06.057078 +00:00');
INSERT INTO public.special_check_result (id, scr_number, approve_date, created) VALUES (25, '709709', '2022-07-01', '2022-07-15 07:54:06.057078 +00:00');
INSERT INTO public.special_check_result (id, scr_number, approve_date, created) VALUES (26, '254904', '2022-07-01', '2022-07-15 07:54:06.057078 +00:00');
INSERT INTO public.special_check_result (id, scr_number, approve_date, created) VALUES (27, '520966', '2022-07-01', '2022-07-15 07:54:06.057078 +00:00');
INSERT INTO public.special_check_result (id, scr_number, approve_date, created) VALUES (28, '265896', '2022-07-01', '2022-07-15 07:54:06.057078 +00:00');
INSERT INTO public.special_check_result (id, scr_number, approve_date, created) VALUES (29, '234909', '2022-07-01', '2022-07-15 07:54:06.057078 +00:00');
INSERT INTO public.special_check_result (id, scr_number, approve_date, created) VALUES (30, '565904', '2022-07-01', '2022-07-15 07:54:06.057078 +00:00');
INSERT INTO public.special_check_result (id, scr_number, approve_date, created) VALUES (1, '245675', '2022-07-01', '2022-07-15 07:54:06.057078 +00:00');

-- special_investigation
INSERT INTO public.special_investigation (id, si_number, approve_date, created) VALUES (1, '689583', '2022-07-01', '2022-07-15 07:53:44.290160 +00:00');
INSERT INTO public.special_investigation (id, si_number, approve_date, created) VALUES (2, '234562', '2022-07-01', '2022-07-15 07:53:44.290160 +00:00');
INSERT INTO public.special_investigation (id, si_number, approve_date, created) VALUES (3, '578958', '2022-07-01', '2022-07-15 07:53:44.290160 +00:00');
INSERT INTO public.special_investigation (id, si_number, approve_date, created) VALUES (4, '057643', '2022-07-01', '2022-07-15 07:53:44.290160 +00:00');
INSERT INTO public.special_investigation (id, si_number, approve_date, created) VALUES (5, '125134', '2022-07-01', '2022-07-15 07:53:44.290160 +00:00');
INSERT INTO public.special_investigation (id, si_number, approve_date, created) VALUES (6, '736736', '2022-07-01', '2022-07-15 07:53:44.290160 +00:00');
INSERT INTO public.special_investigation (id, si_number, approve_date, created) VALUES (7, '434735', '2022-07-01', '2022-07-15 07:53:44.290160 +00:00');
INSERT INTO public.special_investigation (id, si_number, approve_date, created) VALUES (8, '273285', '2022-07-01', '2022-07-15 07:53:44.290160 +00:00');
INSERT INTO public.special_investigation (id, si_number, approve_date, created) VALUES (9, '143247', '2022-07-01', '2022-07-15 07:53:44.290160 +00:00');
INSERT INTO public.special_investigation (id, si_number, approve_date, created) VALUES (10, '234857', '2022-07-01', '2022-07-15 07:53:44.290160 +00:00');
INSERT INTO public.special_investigation (id, si_number, approve_date, created) VALUES (11, '235439', '2022-07-01', '2022-07-15 07:53:44.290160 +00:00');
INSERT INTO public.special_investigation (id, si_number, approve_date, created) VALUES (12, '978545', '2022-07-01', '2022-07-15 07:53:44.290160 +00:00');
INSERT INTO public.special_investigation (id, si_number, approve_date, created) VALUES (13, '896967', '2022-07-01', '2022-07-15 07:53:44.290160 +00:00');
INSERT INTO public.special_investigation (id, si_number, approve_date, created) VALUES (14, '789622', '2022-07-01', '2022-07-15 07:53:44.290160 +00:00');
INSERT INTO public.special_investigation (id, si_number, approve_date, created) VALUES (15, '342454', '2022-07-01', '2022-07-15 07:53:44.290160 +00:00');
INSERT INTO public.special_investigation (id, si_number, approve_date, created) VALUES (16, '432356', '2022-07-01', '2022-07-15 07:53:44.290160 +00:00');
INSERT INTO public.special_investigation (id, si_number, approve_date, created) VALUES (17, '675674', '2022-07-01', '2022-07-15 07:53:44.290160 +00:00');
INSERT INTO public.special_investigation (id, si_number, approve_date, created) VALUES (18, '924694', '2022-07-01', '2022-07-15 07:53:44.290160 +00:00');
INSERT INTO public.special_investigation (id, si_number, approve_date, created) VALUES (19, '234545', '2022-07-01', '2022-07-15 07:53:44.290160 +00:00');
INSERT INTO public.special_investigation (id, si_number, approve_date, created) VALUES (20, '554245', '2022-07-01', '2022-07-15 07:53:44.290160 +00:00');
INSERT INTO public.special_investigation (id, si_number, approve_date, created) VALUES (21, '576576', '2022-07-01', '2022-07-15 07:53:44.290160 +00:00');
INSERT INTO public.special_investigation (id, si_number, approve_date, created) VALUES (22, '674467', '2022-07-01', '2022-07-15 07:53:44.290160 +00:00');
INSERT INTO public.special_investigation (id, si_number, approve_date, created) VALUES (23, '846754', '2022-07-01', '2022-07-15 07:53:44.290160 +00:00');
INSERT INTO public.special_investigation (id, si_number, approve_date, created) VALUES (24, '342526', '2022-07-01', '2022-07-15 07:53:44.290160 +00:00');
INSERT INTO public.special_investigation (id, si_number, approve_date, created) VALUES (25, '542655', '2022-07-01', '2022-07-15 07:53:44.290160 +00:00');
INSERT INTO public.special_investigation (id, si_number, approve_date, created) VALUES (26, '256525', '2022-07-01', '2022-07-15 07:53:44.290160 +00:00');
INSERT INTO public.special_investigation (id, si_number, approve_date, created) VALUES (27, '245645', '2022-07-01', '2022-07-15 07:53:44.290160 +00:00');
INSERT INTO public.special_investigation (id, si_number, approve_date, created) VALUES (28, '909709', '2022-07-01', '2022-07-15 07:53:44.290160 +00:00');
INSERT INTO public.special_investigation (id, si_number, approve_date, created) VALUES (29, '789787', '2022-07-01', '2022-07-15 07:53:44.290160 +00:00');
INSERT INTO public.special_investigation (id, si_number, approve_date, created) VALUES (30, '254645', '2022-07-01', '2022-07-15 07:53:44.290160 +00:00');

-- inner_document
INSERT INTO public.inner_document (id, name, registration_number, approve_date, oi_id, created) VALUES (2, 'Внутренний документ №2', '24567', '2022-07-01', 1, '2022-07-15 07:55:37.199453 +00:00');
INSERT INTO public.inner_document (id, name, registration_number, approve_date, oi_id, created) VALUES (1, 'Внутренний документ №1', '24816', '2022-07-01', 1, '2022-07-15 07:55:37.199453 +00:00');
INSERT INTO public.inner_document (id, name, registration_number, approve_date, oi_id, created) VALUES (5, 'Внутренний документ №5', '15677', '2022-07-01', 1, '2022-07-15 07:55:37.199453 +00:00');
INSERT INTO public.inner_document (id, name, registration_number, approve_date, oi_id, created) VALUES (4, 'Внутренний документ №4', '78934', '2022-07-01', 1, '2022-07-15 07:55:37.199453 +00:00');
INSERT INTO public.inner_document (id, name, registration_number, approve_date, oi_id, created) VALUES (3, 'Внутренний документ №3', '87447', '2022-07-01', 1, '2022-07-15 07:55:37.199453 +00:00');
INSERT INTO public.inner_document (id, name, registration_number, approve_date, oi_id, created) VALUES (6, 'Внутренний документ №1', '21431', '2022-07-01', 2, '2022-07-15 07:55:37.199453 +00:00');
INSERT INTO public.inner_document (id, name, registration_number, approve_date, oi_id, created) VALUES (7, 'Внутренний документ №2', '63234', '2022-07-01', 2, '2022-07-15 07:55:37.199453 +00:00');
INSERT INTO public.inner_document (id, name, registration_number, approve_date, oi_id, created) VALUES (8, 'Внутренний документ №3', '23462', '2022-07-01', 2, '2022-07-15 07:55:37.199453 +00:00');
INSERT INTO public.inner_document (id, name, registration_number, approve_date, oi_id, created) VALUES (9, 'Внутренний документ №4', '57345', '2022-07-01', 2, '2022-07-15 07:55:37.199453 +00:00');
INSERT INTO public.inner_document (id, name, registration_number, approve_date, oi_id, created) VALUES (10, 'Внутренний документ №5', '87489', '2022-07-01', 2, '2022-07-15 07:55:37.199453 +00:00');
INSERT INTO public.inner_document (id, name, registration_number, approve_date, oi_id, created) VALUES (11, 'Внутренний документ №6', '95685', '2022-07-01', 2, '2022-07-15 07:55:37.199453 +00:00');
INSERT INTO public.inner_document (id, name, registration_number, approve_date, oi_id, created) VALUES (12, 'Внутренний документ №1', '45762', '2022-07-01', 3, '2022-07-15 07:55:37.199453 +00:00');
INSERT INTO public.inner_document (id, name, registration_number, approve_date, oi_id, created) VALUES (13, 'Внутренний документ №2', '36763', '2022-07-01', 3, '2022-07-15 07:55:37.199453 +00:00');
INSERT INTO public.inner_document (id, name, registration_number, approve_date, oi_id, created) VALUES (14, 'Внутренний документ №1', '85763', '2022-07-01', 4, '2022-07-15 07:55:37.199453 +00:00');
INSERT INTO public.inner_document (id, name, registration_number, approve_date, oi_id, created) VALUES (15, 'Внутренний документ №2', '89856', '2022-07-01', 4, '2022-07-15 07:55:37.199453 +00:00');
INSERT INTO public.inner_document (id, name, registration_number, approve_date, oi_id, created) VALUES (16, 'Внутренний документ №3', '98567', '2022-07-01', 4, '2022-07-15 07:55:37.199453 +00:00');
INSERT INTO public.inner_document (id, name, registration_number, approve_date, oi_id, created) VALUES (17, 'Внутренний документ №4', '23490', '2022-07-01', 4, '2022-07-15 07:55:37.199453 +00:00');
INSERT INTO public.inner_document (id, name, registration_number, approve_date, oi_id, created) VALUES (18, 'Внутренний документ №1', '25642', '2022-07-01', 5, '2022-07-15 07:55:37.199453 +00:00');
INSERT INTO public.inner_document (id, name, registration_number, approve_date, oi_id, created) VALUES (19, 'Внутренний документ №2', '23456', '2022-07-01', 5, '2022-07-15 07:55:37.199453 +00:00');
INSERT INTO public.inner_document (id, name, registration_number, approve_date, oi_id, created) VALUES (20, 'Внутренний документ №3', '87476', '2022-07-01', 5, '2022-07-15 07:55:37.199453 +00:00');
INSERT INTO public.inner_document (id, name, registration_number, approve_date, oi_id, created) VALUES (21, 'Внутренний документ №1', '25763', '2022-07-01', 6, '2022-07-15 07:55:37.199453 +00:00');
INSERT INTO public.inner_document (id, name, registration_number, approve_date, oi_id, created) VALUES (22, 'Внутренний документ №2', '25733', '2022-07-01', 6, '2022-07-15 07:55:37.199453 +00:00');
INSERT INTO public.inner_document (id, name, registration_number, approve_date, oi_id, created) VALUES (23, 'Внутренний документ №3', '35674', '2022-07-01', 6, '2022-07-15 07:55:37.199453 +00:00');
INSERT INTO public.inner_document (id, name, registration_number, approve_date, oi_id, created) VALUES (24, 'Внутренний документ №4', '45636', '2022-07-01', 6, '2022-07-15 07:55:37.199453 +00:00');
INSERT INTO public.inner_document (id, name, registration_number, approve_date, oi_id, created) VALUES (25, 'Внутренний документ №5', '36745', '2022-07-01', 6, '2022-07-15 07:55:37.199453 +00:00');
INSERT INTO public.inner_document (id, name, registration_number, approve_date, oi_id, created) VALUES (26, 'Внутренний документ №6', '70877', '2022-07-01', 6, '2022-07-15 07:55:37.199453 +00:00');
INSERT INTO public.inner_document (id, name, registration_number, approve_date, oi_id, created) VALUES (27, 'Внутренний документ №7', '09666', '2022-07-01', 6, '2022-07-15 07:55:37.199453 +00:00');
INSERT INTO public.inner_document (id, name, registration_number, approve_date, oi_id, created) VALUES (28, 'Внутренний документ №8', '06796', '2022-07-01', 6, '2022-07-15 07:55:37.199453 +00:00');
INSERT INTO public.inner_document (id, name, registration_number, approve_date, oi_id, created) VALUES (29, 'Внутренний документ №1', '35633', '2022-07-01', 7, '2022-07-15 07:55:37.199453 +00:00');
INSERT INTO public.inner_document (id, name, registration_number, approve_date, oi_id, created) VALUES (30, 'Внутренний документ №2', '16254', '2022-07-01', 7, '2022-07-15 07:55:37.199453 +00:00');
INSERT INTO public.inner_document (id, name, registration_number, approve_date, oi_id, created) VALUES (31, 'Внутренний документ №3', '78568', '2022-07-01', 7, '2022-07-15 07:55:37.199453 +00:00');
INSERT INTO public.inner_document (id, name, registration_number, approve_date, oi_id, created) VALUES (32, 'Внутренний документ №4', '34456', '2022-07-01', 7, '2022-07-15 07:55:37.199453 +00:00');
INSERT INTO public.inner_document (id, name, registration_number, approve_date, oi_id, created) VALUES (33, 'Внутренний документ №1', '87646', '2022-07-01', 8, '2022-07-15 07:55:37.199453 +00:00');
INSERT INTO public.inner_document (id, name, registration_number, approve_date, oi_id, created) VALUES (34, 'Внутренний документ №2', '24567', '2022-07-01', 8, '2022-07-15 07:55:37.199453 +00:00');
INSERT INTO public.inner_document (id, name, registration_number, approve_date, oi_id, created) VALUES (35, 'Внутренний документ №3', '98745', '2022-07-01', 8, '2022-07-15 07:55:37.199453 +00:00');
INSERT INTO public.inner_document (id, name, registration_number, approve_date, oi_id, created) VALUES (36, 'Внутренний документ №4', '34576', '2022-07-01', 8, '2022-07-15 07:55:37.199453 +00:00');
INSERT INTO public.inner_document (id, name, registration_number, approve_date, oi_id, created) VALUES (37, 'Внутренний документ №5', '34625', '2022-07-01', 8, '2022-07-15 07:55:37.199453 +00:00');
INSERT INTO public.inner_document (id, name, registration_number, approve_date, oi_id, created) VALUES (38, 'Внутренний документ №1', '57864', '2022-07-01', 9, '2022-07-15 07:55:37.199453 +00:00');
INSERT INTO public.inner_document (id, name, registration_number, approve_date, oi_id, created) VALUES (39, 'Внутренний документ №1', '43736', '2022-07-01', 10, '2022-07-15 07:55:37.199453 +00:00');
INSERT INTO public.inner_document (id, name, registration_number, approve_date, oi_id, created) VALUES (40, 'Внутренний документ №2', '35683', '2022-07-01', 10, '2022-07-15 07:55:37.199453 +00:00');
INSERT INTO public.inner_document (id, name, registration_number, approve_date, oi_id, created) VALUES (41, 'Внутренний документ №3', '45784', '2022-07-01', 10, '2022-07-15 07:55:37.199453 +00:00');
INSERT INTO public.inner_document (id, name, registration_number, approve_date, oi_id, created) VALUES (42, 'Внутренний документ №1', '36732', '2022-07-01', 11, '2022-07-15 07:55:37.199453 +00:00');
INSERT INTO public.inner_document (id, name, registration_number, approve_date, oi_id, created) VALUES (43, 'Внутренний документ №2', '24567', '2022-07-01', 11, '2022-07-15 07:55:37.199453 +00:00');
INSERT INTO public.inner_document (id, name, registration_number, approve_date, oi_id, created) VALUES (44, 'Внутренний документ №3', '54634', '2022-07-01', 11, '2022-07-15 07:55:37.199453 +00:00');
INSERT INTO public.inner_document (id, name, registration_number, approve_date, oi_id, created) VALUES (45, 'Внутренний документ №4', '89466', '2022-07-01', 11, '2022-07-15 07:55:37.199453 +00:00');
INSERT INTO public.inner_document (id, name, registration_number, approve_date, oi_id, created) VALUES (46, 'Внутренний документ №5', '25731', '2022-07-01', 11, '2022-07-15 07:55:37.199453 +00:00');
INSERT INTO public.inner_document (id, name, registration_number, approve_date, oi_id, created) VALUES (47, 'Внутренний документ №1', '25768', '2022-07-01', 12, '2022-07-15 07:55:37.199453 +00:00');
INSERT INTO public.inner_document (id, name, registration_number, approve_date, oi_id, created) VALUES (48, 'Внутренний документ №2', '24734', '2022-07-01', 12, '2022-07-15 07:55:37.199453 +00:00');
INSERT INTO public.inner_document (id, name, registration_number, approve_date, oi_id, created) VALUES (49, 'Внутренний документ №3', '36746', '2022-07-01', 12, '2022-07-15 07:55:37.199453 +00:00');
INSERT INTO public.inner_document (id, name, registration_number, approve_date, oi_id, created) VALUES (50, 'Внутренний документ №4', '38476', '2022-07-01', 12, '2022-07-15 07:55:37.199453 +00:00');
INSERT INTO public.inner_document (id, name, registration_number, approve_date, oi_id, created) VALUES (51, 'Внутренний документ №1', '06567', '2022-07-01', 13, '2022-07-15 07:55:37.199453 +00:00');
INSERT INTO public.inner_document (id, name, registration_number, approve_date, oi_id, created) VALUES (52, 'Внутренний документ №2', '97854', '2022-07-01', 13, '2022-07-15 07:55:37.199453 +00:00');
INSERT INTO public.inner_document (id, name, registration_number, approve_date, oi_id, created) VALUES (53, 'Внутренний документ №1', '20424', '2022-07-01', 14, '2022-07-15 07:55:37.199453 +00:00');
INSERT INTO public.inner_document (id, name, registration_number, approve_date, oi_id, created) VALUES (54, 'Внутренний документ №2', '35424', '2022-07-01', 14, '2022-07-15 07:55:37.199453 +00:00');
INSERT INTO public.inner_document (id, name, registration_number, approve_date, oi_id, created) VALUES (55, 'Внутренний документ №1', '08890', '2022-07-01', 15, '2022-07-15 07:55:37.199453 +00:00');
INSERT INTO public.inner_document (id, name, registration_number, approve_date, oi_id, created) VALUES (56, 'Внутренний документ №2', '23455', '2022-07-01', 15, '2022-07-15 07:55:37.199453 +00:00');
INSERT INTO public.inner_document (id, name, registration_number, approve_date, oi_id, created) VALUES (57, 'Внутренний документ №1', '32578', '2022-07-01', 16, '2022-07-15 07:55:37.199453 +00:00');
INSERT INTO public.inner_document (id, name, registration_number, approve_date, oi_id, created) VALUES (58, 'Внутренний документ №2', '96789', '2022-07-01', 16, '2022-07-15 07:55:37.199453 +00:00');
INSERT INTO public.inner_document (id, name, registration_number, approve_date, oi_id, created) VALUES (59, 'Внутренний документ №3', '90735', '2022-07-01', 16, '2022-07-15 07:55:37.199453 +00:00');
INSERT INTO public.inner_document (id, name, registration_number, approve_date, oi_id, created) VALUES (60, 'Внутренний документ №4', '43565', '2022-07-01', 16, '2022-07-15 07:55:37.199453 +00:00');
INSERT INTO public.inner_document (id, name, registration_number, approve_date, oi_id, created) VALUES (61, 'Внутренний документ №1', '52654', '2022-07-01', 17, '2022-07-15 07:55:37.199453 +00:00');
INSERT INTO public.inner_document (id, name, registration_number, approve_date, oi_id, created) VALUES (62, 'Внутренний документ №2', '87446', '2022-07-01', 17, '2022-07-15 07:55:37.199453 +00:00');
INSERT INTO public.inner_document (id, name, registration_number, approve_date, oi_id, created) VALUES (63, 'Внутренний документ №3', '78476', '2022-07-01', 17, '2022-07-15 07:55:37.199453 +00:00');
INSERT INTO public.inner_document (id, name, registration_number, approve_date, oi_id, created) VALUES (64, 'Внутренний документ №4', '46704', '2022-07-01', 17, '2022-07-15 07:55:37.199453 +00:00');
INSERT INTO public.inner_document (id, name, registration_number, approve_date, oi_id, created) VALUES (65, 'Внутренний документ №5', '41265', '2022-07-01', 17, '2022-07-15 07:55:37.199453 +00:00');
INSERT INTO public.inner_document (id, name, registration_number, approve_date, oi_id, created) VALUES (66, 'Внутренний документ №6', '87476', '2022-07-01', 17, '2022-07-15 07:55:37.199453 +00:00');
INSERT INTO public.inner_document (id, name, registration_number, approve_date, oi_id, created) VALUES (67, 'Внутренний документ №7', '09768', '2022-07-01', 17, '2022-07-15 07:55:37.199453 +00:00');
INSERT INTO public.inner_document (id, name, registration_number, approve_date, oi_id, created) VALUES (68, 'Внутренний документ №1', '23565', '2022-07-01', 18, '2022-07-15 07:55:37.199453 +00:00');
INSERT INTO public.inner_document (id, name, registration_number, approve_date, oi_id, created) VALUES (69, 'Внутренний документ №2', '25616', '2022-07-01', 18, '2022-07-15 07:55:37.199453 +00:00');
INSERT INTO public.inner_document (id, name, registration_number, approve_date, oi_id, created) VALUES (70, 'Внутренний документ №3', '12543', '2022-07-01', 18, '2022-07-15 07:55:37.199453 +00:00');
INSERT INTO public.inner_document (id, name, registration_number, approve_date, oi_id, created) VALUES (71, 'Внутренний документ №1', '76365', '2022-07-01', 19, '2022-07-15 07:55:37.199453 +00:00');
INSERT INTO public.inner_document (id, name, registration_number, approve_date, oi_id, created) VALUES (72, 'Внутренний документ №2', '10859', '2022-07-01', 19, '2022-07-15 07:55:37.199453 +00:00');
INSERT INTO public.inner_document (id, name, registration_number, approve_date, oi_id, created) VALUES (73, 'Внутренний документ №3', '26543', '2022-07-01', 19, '2022-07-15 07:55:37.199453 +00:00');
INSERT INTO public.inner_document (id, name, registration_number, approve_date, oi_id, created) VALUES (74, 'Внутренний документ №4', '15655', '2022-07-01', 19, '2022-07-15 07:55:37.199453 +00:00');
INSERT INTO public.inner_document (id, name, registration_number, approve_date, oi_id, created) VALUES (75, 'Внутренний документ №5', '35463', '2022-07-01', 19, '2022-07-15 07:55:37.199453 +00:00');
INSERT INTO public.inner_document (id, name, registration_number, approve_date, oi_id, created) VALUES (76, 'Внутренний документ №1', '87547', '2022-07-01', 20, '2022-07-15 07:55:37.199453 +00:00');
INSERT INTO public.inner_document (id, name, registration_number, approve_date, oi_id, created) VALUES (77, 'Внутренний документ №2', '23465', '2022-07-01', 20, '2022-07-15 07:55:37.199453 +00:00');
INSERT INTO public.inner_document (id, name, registration_number, approve_date, oi_id, created) VALUES (78, 'Внутренний документ №1', '95866', '2022-07-01', 21, '2022-07-15 07:55:37.199453 +00:00');
INSERT INTO public.inner_document (id, name, registration_number, approve_date, oi_id, created) VALUES (79, 'Внутренний документ №2', '24354', '2022-07-01', 21, '2022-07-15 07:55:37.199453 +00:00');
INSERT INTO public.inner_document (id, name, registration_number, approve_date, oi_id, created) VALUES (80, 'Внутренний документ №3', '46435', '2022-07-01', 21, '2022-07-15 07:55:37.199453 +00:00');
INSERT INTO public.inner_document (id, name, registration_number, approve_date, oi_id, created) VALUES (81, 'Внутренний документ №4', '87645', '2022-07-01', 21, '2022-07-15 07:55:37.199453 +00:00');
INSERT INTO public.inner_document (id, name, registration_number, approve_date, oi_id, created) VALUES (82, 'Внутренний документ №1', '23455', '2022-07-01', 22, '2022-07-15 07:55:37.199453 +00:00');
INSERT INTO public.inner_document (id, name, registration_number, approve_date, oi_id, created) VALUES (83, 'Внутренний документ №1', '76546', '2022-07-01', 23, '2022-07-15 07:55:37.199453 +00:00');
INSERT INTO public.inner_document (id, name, registration_number, approve_date, oi_id, created) VALUES (84, 'Внутренний документ №1', '36565', '2022-07-01', 24, '2022-07-15 07:55:37.199453 +00:00');
INSERT INTO public.inner_document (id, name, registration_number, approve_date, oi_id, created) VALUES (85, 'Внутренний документ №2', '34568', '2022-07-01', 24, '2022-07-15 07:55:37.199453 +00:00');
INSERT INTO public.inner_document (id, name, registration_number, approve_date, oi_id, created) VALUES (86, 'Внутренний документ №3', '32453', '2022-07-01', 24, '2022-07-15 07:55:37.199453 +00:00');
INSERT INTO public.inner_document (id, name, registration_number, approve_date, oi_id, created) VALUES (87, 'Внутренний документ №4', '23655', '2022-07-01', 24, '2022-07-15 07:55:37.199453 +00:00');
INSERT INTO public.inner_document (id, name, registration_number, approve_date, oi_id, created) VALUES (88, 'Внутренний документ №5', '09878', '2022-07-01', 24, '2022-07-15 07:55:37.199453 +00:00');
INSERT INTO public.inner_document (id, name, registration_number, approve_date, oi_id, created) VALUES (89, 'Внутренний документ №1', '58790', '2022-07-01', 25, '2022-07-15 07:55:37.199453 +00:00');
INSERT INTO public.inner_document (id, name, registration_number, approve_date, oi_id, created) VALUES (90, 'Внутренний документ №2', '64563', '2022-07-01', 25, '2022-07-15 07:55:37.199453 +00:00');
INSERT INTO public.inner_document (id, name, registration_number, approve_date, oi_id, created) VALUES (91, 'Внутренний документ №3', '32453', '2022-07-01', 25, '2022-07-15 07:55:37.199453 +00:00');
INSERT INTO public.inner_document (id, name, registration_number, approve_date, oi_id, created) VALUES (92, 'Внутренний документ №4', '85678', '2022-07-01', 25, '2022-07-15 07:55:37.199453 +00:00');
INSERT INTO public.inner_document (id, name, registration_number, approve_date, oi_id, created) VALUES (93, 'Внутренний документ №1', '95547', '2022-07-01', 26, '2022-07-15 07:55:37.199453 +00:00');
INSERT INTO public.inner_document (id, name, registration_number, approve_date, oi_id, created) VALUES (94, 'Внутренний документ №2', '85646', '2022-07-01', 26, '2022-07-15 07:55:37.199453 +00:00');
INSERT INTO public.inner_document (id, name, registration_number, approve_date, oi_id, created) VALUES (95, 'Внутренний документ №1', '47657', '2022-07-01', 27, '2022-07-15 07:55:37.199453 +00:00');
INSERT INTO public.inner_document (id, name, registration_number, approve_date, oi_id, created) VALUES (96, 'Внутренний документ №2', '74535', '2022-07-01', 27, '2022-07-15 07:55:37.199453 +00:00');
INSERT INTO public.inner_document (id, name, registration_number, approve_date, oi_id, created) VALUES (97, 'Внутренний документ №3', '35687', '2022-07-01', 27, '2022-07-15 07:55:37.199453 +00:00');
INSERT INTO public.inner_document (id, name, registration_number, approve_date, oi_id, created) VALUES (98, 'Внутренний документ №1', '67454', '2022-07-01', 28, '2022-07-15 07:55:37.199453 +00:00');
INSERT INTO public.inner_document (id, name, registration_number, approve_date, oi_id, created) VALUES (99, 'Внутренний документ №2', '46743', '2022-07-01', 28, '2022-07-15 07:55:37.199453 +00:00');
INSERT INTO public.inner_document (id, name, registration_number, approve_date, oi_id, created) VALUES (100, 'Внутренний документ №3', '46745', '2022-07-01', 28, '2022-07-15 07:55:37.199453 +00:00');
INSERT INTO public.inner_document (id, name, registration_number, approve_date, oi_id, created) VALUES (101, 'Внутренний документ №1', '45684', '2022-07-01', 29, '2022-07-15 07:55:37.199453 +00:00');
INSERT INTO public.inner_document (id, name, registration_number, approve_date, oi_id, created) VALUES (102, 'Внутренний документ №2', '48745', '2022-07-01', 29, '2022-07-15 07:55:37.199453 +00:00');
INSERT INTO public.inner_document (id, name, registration_number, approve_date, oi_id, created) VALUES (103, 'Внутренний документ №3', '46845', '2022-07-01', 29, '2022-07-15 07:55:37.199453 +00:00');
INSERT INTO public.inner_document (id, name, registration_number, approve_date, oi_id, created) VALUES (104, 'Внутренний документ №4', '90674', '2022-07-01', 29, '2022-07-15 07:55:37.199453 +00:00');
INSERT INTO public.inner_document (id, name, registration_number, approve_date, oi_id, created) VALUES (105, 'Внутренний документ №1', '25346', '2022-07-01', 30, '2022-07-15 07:55:37.199453 +00:00');
INSERT INTO public.inner_document (id, name, registration_number, approve_date, oi_id, created) VALUES (106, 'Внутренний документ №2', '27904', '2022-07-01', 30, '2022-07-15 07:55:37.199453 +00:00');
INSERT INTO public.inner_document (id, name, registration_number, approve_date, oi_id, created) VALUES (107, 'Внутренний документ №3', '67647', '2022-07-01', 30, '2022-07-15 07:55:37.199453 +00:00');
INSERT INTO public.inner_document (id, name, registration_number, approve_date, oi_id, created) VALUES (108, 'Внутренний документ №4', '78465', '2022-07-01', 30, '2022-07-15 07:55:37.199453 +00:00');
INSERT INTO public.inner_document (id, name, registration_number, approve_date, oi_id, created) VALUES (109, 'Внутренний документ №5', '86465', '2022-07-01', 30, '2022-07-15 07:55:37.199453 +00:00');
INSERT INTO public.inner_document (id, name, registration_number, approve_date, oi_id, created) VALUES (110, 'Внутренний документ №6', '39087', '2022-07-01', 30, '2022-07-15 07:55:37.199453 +00:00');

-- component
INSERT INTO public.component (id, name, series_number, oi_id, created) VALUES (1, 'Мышь', '123b1', 1, '2022-07-15 07:54:38.537603 +00:00');
INSERT INTO public.component (id, name, series_number, oi_id, created) VALUES (2, 'Клавиатура', '123b2', 1, '2022-07-15 07:54:38.537603 +00:00');
INSERT INTO public.component (id, name, series_number, oi_id, created) VALUES (3, 'Монитор', '123b3', 1, '2022-07-15 07:54:38.537603 +00:00');
INSERT INTO public.component (id, name, series_number, oi_id, created) VALUES (4, 'Принтер', '123b4', 1, '2022-07-15 07:54:38.537603 +00:00');
INSERT INTO public.component (id, name, series_number, oi_id, created) VALUES (5, 'Клавиатура', '143f1', 2, '2022-07-15 07:54:38.537603 +00:00');
INSERT INTO public.component (id, name, series_number, oi_id, created) VALUES (6, 'Монитор', '143f2', 2, '2022-07-15 07:54:38.537603 +00:00');
INSERT INTO public.component (id, name, series_number, oi_id, created) VALUES (7, 'Мышь', '756g1', 3, '2022-07-15 07:54:38.537603 +00:00');
INSERT INTO public.component (id, name, series_number, oi_id, created) VALUES (8, 'Клавиатура', '756g2', 3, '2022-07-15 07:54:38.537603 +00:00');
INSERT INTO public.component (id, name, series_number, oi_id, created) VALUES (9, 'Монитор', '756g3', 3, '2022-07-15 07:54:38.537603 +00:00');
INSERT INTO public.component (id, name, series_number, oi_id, created) VALUES (10, 'Мышь', '013t1', 4, '2022-07-15 07:54:38.537603 +00:00');
INSERT INTO public.component (id, name, series_number, oi_id, created) VALUES (11, 'Клавиатура', '013t2', 4, '2022-07-15 07:54:38.537603 +00:00');
INSERT INTO public.component (id, name, series_number, oi_id, created) VALUES (12, 'Монитор', '013t3', 4, '2022-07-15 07:54:38.537603 +00:00');
INSERT INTO public.component (id, name, series_number, oi_id, created) VALUES (13, 'Принтер', '013t4', 4, '2022-07-15 07:54:38.537603 +00:00');
INSERT INTO public.component (id, name, series_number, oi_id, created) VALUES (14, 'Сканер', '013t5', 4, '2022-07-15 07:54:38.537603 +00:00');
INSERT INTO public.component (id, name, series_number, oi_id, created) VALUES (15, 'Мышь', '393l1', 5, '2022-07-15 07:54:38.537603 +00:00');
INSERT INTO public.component (id, name, series_number, oi_id, created) VALUES (16, 'Клавиатура', '393l2', 5, '2022-07-15 07:54:38.537603 +00:00');
INSERT INTO public.component (id, name, series_number, oi_id, created) VALUES (17, 'Монитор', '393l3', 5, '2022-07-15 07:54:38.537603 +00:00');
INSERT INTO public.component (id, name, series_number, oi_id, created) VALUES (18, 'Колонки', '393l4', 5, '2022-07-15 07:54:38.537603 +00:00');
INSERT INTO public.component (id, name, series_number, oi_id, created) VALUES (19, 'Мышь', '918r1', 6, '2022-07-15 07:54:38.537603 +00:00');
INSERT INTO public.component (id, name, series_number, oi_id, created) VALUES (20, 'Клавиатура', '918r2', 6, '2022-07-15 07:54:38.537603 +00:00');
INSERT INTO public.component (id, name, series_number, oi_id, created) VALUES (21, 'Монитор', '918r3', 6, '2022-07-15 07:54:38.537603 +00:00');
INSERT INTO public.component (id, name, series_number, oi_id, created) VALUES (22, 'Колонки', '918r4', 6, '2022-07-15 07:54:38.537603 +00:00');
INSERT INTO public.component (id, name, series_number, oi_id, created) VALUES (23, 'Проектор', '918r5', 6, '2022-07-15 07:54:38.537603 +00:00');
INSERT INTO public.component (id, name, series_number, oi_id, created) VALUES (24, 'Мышь', '562h1', 7, '2022-07-15 07:54:38.537603 +00:00');
INSERT INTO public.component (id, name, series_number, oi_id, created) VALUES (25, 'Клавиатура', '562h2', 7, '2022-07-15 07:54:38.537603 +00:00');
INSERT INTO public.component (id, name, series_number, oi_id, created) VALUES (26, 'Монитор', '562h3', 7, '2022-07-15 07:54:38.537603 +00:00');
INSERT INTO public.component (id, name, series_number, oi_id, created) VALUES (27, 'Мышь', '800y1', 8, '2022-07-15 07:54:38.537603 +00:00');
INSERT INTO public.component (id, name, series_number, oi_id, created) VALUES (28, 'Клавиатура', '800y2', 8, '2022-07-15 07:54:38.537603 +00:00');
INSERT INTO public.component (id, name, series_number, oi_id, created) VALUES (29, 'Монитор', '800y3', 8, '2022-07-15 07:54:38.537603 +00:00');
INSERT INTO public.component (id, name, series_number, oi_id, created) VALUES (30, 'Принтер', '800y4', 8, '2022-07-15 07:54:38.537603 +00:00');
INSERT INTO public.component (id, name, series_number, oi_id, created) VALUES (31, 'Сканер', '800y5', 8, '2022-07-15 07:54:38.537603 +00:00');
INSERT INTO public.component (id, name, series_number, oi_id, created) VALUES (32, 'Мышь', '097u1', 9, '2022-07-15 07:54:38.537603 +00:00');
INSERT INTO public.component (id, name, series_number, oi_id, created) VALUES (33, 'Клавиатура', '097u2', 9, '2022-07-15 07:54:38.537603 +00:00');
INSERT INTO public.component (id, name, series_number, oi_id, created) VALUES (34, 'Монитор', '097u3', 9, '2022-07-15 07:54:38.537603 +00:00');
INSERT INTO public.component (id, name, series_number, oi_id, created) VALUES (35, 'Колонки', '097u4', 9, '2022-07-15 07:54:38.537603 +00:00');
INSERT INTO public.component (id, name, series_number, oi_id, created) VALUES (36, 'Мышь', '097a1', 10, '2022-07-15 07:54:38.537603 +00:00');
INSERT INTO public.component (id, name, series_number, oi_id, created) VALUES (37, 'Клавиатура', '097a2', 10, '2022-07-15 07:54:38.537603 +00:00');
INSERT INTO public.component (id, name, series_number, oi_id, created) VALUES (38, 'Монитор', '097a3', 10, '2022-07-15 07:54:38.537603 +00:00');
INSERT INTO public.component (id, name, series_number, oi_id, created) VALUES (39, 'Колонки', '097a4', 10, '2022-07-15 07:54:38.537603 +00:00');
INSERT INTO public.component (id, name, series_number, oi_id, created) VALUES (40, 'Проектор', '097a5', 10, '2022-07-15 07:54:38.537603 +00:00');
INSERT INTO public.component (id, name, series_number, oi_id, created) VALUES (41, 'Мышь', '352v1', 11, '2022-07-15 07:54:38.537603 +00:00');
INSERT INTO public.component (id, name, series_number, oi_id, created) VALUES (42, 'Клавиатура', '352v2', 11, '2022-07-15 07:54:38.537603 +00:00');
INSERT INTO public.component (id, name, series_number, oi_id, created) VALUES (43, 'Монитор', '352v3', 11, '2022-07-15 07:54:38.537603 +00:00');
INSERT INTO public.component (id, name, series_number, oi_id, created) VALUES (44, 'Мышь', '923s1', 12, '2022-07-15 07:54:38.537603 +00:00');
INSERT INTO public.component (id, name, series_number, oi_id, created) VALUES (45, 'Клавиатура', '923s2', 12, '2022-07-15 07:54:38.537603 +00:00');
INSERT INTO public.component (id, name, series_number, oi_id, created) VALUES (46, 'Монитор', '923s3', 12, '2022-07-15 07:54:38.537603 +00:00');
INSERT INTO public.component (id, name, series_number, oi_id, created) VALUES (47, 'Проектор', '923s4', 12, '2022-07-15 07:54:38.537603 +00:00');
INSERT INTO public.component (id, name, series_number, oi_id, created) VALUES (48, 'Мышь', '345m1', 13, '2022-07-15 07:54:38.537603 +00:00');
INSERT INTO public.component (id, name, series_number, oi_id, created) VALUES (49, 'Клавиатура', '345m2', 13, '2022-07-15 07:54:38.537603 +00:00');
INSERT INTO public.component (id, name, series_number, oi_id, created) VALUES (50, 'Монитор', '345m3', 13, '2022-07-15 07:54:38.537603 +00:00');
INSERT INTO public.component (id, name, series_number, oi_id, created) VALUES (51, 'Колонки', '345m4', 13, '2022-07-15 07:54:38.537603 +00:00');
INSERT INTO public.component (id, name, series_number, oi_id, created) VALUES (52, 'Проектор', '345m5', 13, '2022-07-15 07:54:38.537603 +00:00');
INSERT INTO public.component (id, name, series_number, oi_id, created) VALUES (53, 'Мышь', '895w1', 14, '2022-07-15 07:54:38.537603 +00:00');
INSERT INTO public.component (id, name, series_number, oi_id, created) VALUES (54, 'Клавиатура', '895w2', 14, '2022-07-15 07:54:38.537603 +00:00');
INSERT INTO public.component (id, name, series_number, oi_id, created) VALUES (55, 'Монитор', '895w3', 14, '2022-07-15 07:54:38.537603 +00:00');
INSERT INTO public.component (id, name, series_number, oi_id, created) VALUES (56, 'Принтер', '895w4', 14, '2022-07-15 07:54:38.537603 +00:00');
INSERT INTO public.component (id, name, series_number, oi_id, created) VALUES (57, 'Мышь', '701n1', 15, '2022-07-15 07:54:38.537603 +00:00');
INSERT INTO public.component (id, name, series_number, oi_id, created) VALUES (58, 'Клавиатура', '701n2', 15, '2022-07-15 07:54:38.537603 +00:00');
INSERT INTO public.component (id, name, series_number, oi_id, created) VALUES (59, 'Монитор', '701n3', 15, '2022-07-15 07:54:38.537603 +00:00');
INSERT INTO public.component (id, name, series_number, oi_id, created) VALUES (60, 'Колонки', '701n4', 15, '2022-07-15 07:54:38.537603 +00:00');
INSERT INTO public.component (id, name, series_number, oi_id, created) VALUES (61, 'Мышь', '712o1', 16, '2022-07-15 07:54:38.537603 +00:00');
INSERT INTO public.component (id, name, series_number, oi_id, created) VALUES (62, 'Клавиатура', '712o2', 16, '2022-07-15 07:54:38.537603 +00:00');
INSERT INTO public.component (id, name, series_number, oi_id, created) VALUES (63, 'Монитор', '712o3', 16, '2022-07-15 07:54:38.537603 +00:00');
INSERT INTO public.component (id, name, series_number, oi_id, created) VALUES (64, 'Принтер', '712o4', 16, '2022-07-15 07:54:38.537603 +00:00');
INSERT INTO public.component (id, name, series_number, oi_id, created) VALUES (65, 'Клавиатура', '492m1', 17, '2022-07-15 07:54:38.537603 +00:00');
INSERT INTO public.component (id, name, series_number, oi_id, created) VALUES (66, 'Монитор', '492m2', 17, '2022-07-15 07:54:38.537603 +00:00');
INSERT INTO public.component (id, name, series_number, oi_id, created) VALUES (67, 'Мышь', '109x1', 18, '2022-07-15 07:54:38.537603 +00:00');
INSERT INTO public.component (id, name, series_number, oi_id, created) VALUES (68, 'Клавиатура', '109x2', 18, '2022-07-15 07:54:38.537603 +00:00');
INSERT INTO public.component (id, name, series_number, oi_id, created) VALUES (69, 'Монитор', '109x3', 18, '2022-07-15 07:54:38.537603 +00:00');
INSERT INTO public.component (id, name, series_number, oi_id, created) VALUES (70, 'Мышь', '253b1', 19, '2022-07-15 07:54:38.537603 +00:00');
INSERT INTO public.component (id, name, series_number, oi_id, created) VALUES (71, 'Клавиатура', '253b2', 19, '2022-07-15 07:54:38.537603 +00:00');
INSERT INTO public.component (id, name, series_number, oi_id, created) VALUES (72, 'Монитор', '253b3', 19, '2022-07-15 07:54:38.537603 +00:00');
INSERT INTO public.component (id, name, series_number, oi_id, created) VALUES (73, 'Принтер', '253b4', 19, '2022-07-15 07:54:38.537603 +00:00');
INSERT INTO public.component (id, name, series_number, oi_id, created) VALUES (74, 'Сканер', '253b5', 19, '2022-07-15 07:54:38.537603 +00:00');
INSERT INTO public.component (id, name, series_number, oi_id, created) VALUES (75, 'Мышь', '498t1', 20, '2022-07-15 07:54:38.537603 +00:00');
INSERT INTO public.component (id, name, series_number, oi_id, created) VALUES (76, 'Клавиатура', '498t2', 20, '2022-07-15 07:54:38.537603 +00:00');
INSERT INTO public.component (id, name, series_number, oi_id, created) VALUES (77, 'Монитор', '498t3', 20, '2022-07-15 07:54:38.537603 +00:00');
INSERT INTO public.component (id, name, series_number, oi_id, created) VALUES (78, 'Колонки', '498t4', 20, '2022-07-15 07:54:38.537603 +00:00');
INSERT INTO public.component (id, name, series_number, oi_id, created) VALUES (79, 'Мышь', '716c1', 21, '2022-07-15 07:54:38.537603 +00:00');
INSERT INTO public.component (id, name, series_number, oi_id, created) VALUES (80, 'Клавиатура', '716c2', 21, '2022-07-15 07:54:38.537603 +00:00');
INSERT INTO public.component (id, name, series_number, oi_id, created) VALUES (81, 'Монитор', '716c3', 21, '2022-07-15 07:54:38.537603 +00:00');
INSERT INTO public.component (id, name, series_number, oi_id, created) VALUES (82, 'Колонки', '716c4', 21, '2022-07-15 07:54:38.537603 +00:00');
INSERT INTO public.component (id, name, series_number, oi_id, created) VALUES (83, 'Проектор', '716c5', 21, '2022-07-15 07:54:38.537603 +00:00');
INSERT INTO public.component (id, name, series_number, oi_id, created) VALUES (84, 'Мышь', '571d1', 22, '2022-07-15 07:54:38.537603 +00:00');
INSERT INTO public.component (id, name, series_number, oi_id, created) VALUES (85, 'Клавиатура', '571d2', 22, '2022-07-15 07:54:38.537603 +00:00');
INSERT INTO public.component (id, name, series_number, oi_id, created) VALUES (86, 'Монитор', '571d3', 22, '2022-07-15 07:54:38.537603 +00:00');
INSERT INTO public.component (id, name, series_number, oi_id, created) VALUES (87, 'Мышь', '895y1', 23, '2022-07-15 07:54:38.537603 +00:00');
INSERT INTO public.component (id, name, series_number, oi_id, created) VALUES (88, 'Клавиатура', '895y2', 23, '2022-07-15 07:54:38.537603 +00:00');
INSERT INTO public.component (id, name, series_number, oi_id, created) VALUES (89, 'Монитор', '895y3', 23, '2022-07-15 07:54:38.537603 +00:00');
INSERT INTO public.component (id, name, series_number, oi_id, created) VALUES (90, 'Принтер', '895y4', 23, '2022-07-15 07:54:38.537603 +00:00');
INSERT INTO public.component (id, name, series_number, oi_id, created) VALUES (91, 'Сканер', '895y5', 23, '2022-07-15 07:54:38.537603 +00:00');
INSERT INTO public.component (id, name, series_number, oi_id, created) VALUES (92, 'Мышь', '781p1', 24, '2022-07-15 07:54:38.537603 +00:00');
INSERT INTO public.component (id, name, series_number, oi_id, created) VALUES (93, 'Клавиатура', '781p2', 24, '2022-07-15 07:54:38.537603 +00:00');
INSERT INTO public.component (id, name, series_number, oi_id, created) VALUES (94, 'Монитор', '781p3', 24, '2022-07-15 07:54:38.537603 +00:00');
INSERT INTO public.component (id, name, series_number, oi_id, created) VALUES (95, 'Колонки', '781p4', 24, '2022-07-15 07:54:38.537603 +00:00');
INSERT INTO public.component (id, name, series_number, oi_id, created) VALUES (96, 'Мышь', '739t1', 25, '2022-07-15 07:54:38.537603 +00:00');
INSERT INTO public.component (id, name, series_number, oi_id, created) VALUES (97, 'Клавиатура', '739t2', 25, '2022-07-15 07:54:38.537603 +00:00');
INSERT INTO public.component (id, name, series_number, oi_id, created) VALUES (98, 'Монитор', '739t3', 25, '2022-07-15 07:54:38.537603 +00:00');
INSERT INTO public.component (id, name, series_number, oi_id, created) VALUES (99, 'Колонки', '739t4', 25, '2022-07-15 07:54:38.537603 +00:00');
INSERT INTO public.component (id, name, series_number, oi_id, created) VALUES (100, 'Проектор', '739t5', 25, '2022-07-15 07:54:38.537603 +00:00');
INSERT INTO public.component (id, name, series_number, oi_id, created) VALUES (101, 'Мышь', '087r1', 26, '2022-07-15 07:54:38.537603 +00:00');
INSERT INTO public.component (id, name, series_number, oi_id, created) VALUES (102, 'Клавиатура', '087r2', 26, '2022-07-15 07:54:38.537603 +00:00');
INSERT INTO public.component (id, name, series_number, oi_id, created) VALUES (103, 'Монитор', '087r3', 26, '2022-07-15 07:54:38.537603 +00:00');
INSERT INTO public.component (id, name, series_number, oi_id, created) VALUES (104, 'Мышь', '861j1', 27, '2022-07-15 07:54:38.537603 +00:00');
INSERT INTO public.component (id, name, series_number, oi_id, created) VALUES (105, 'Клавиатура', '861j2', 27, '2022-07-15 07:54:38.537603 +00:00');
INSERT INTO public.component (id, name, series_number, oi_id, created) VALUES (106, 'Монитор', '861j3', 27, '2022-07-15 07:54:38.537603 +00:00');
INSERT INTO public.component (id, name, series_number, oi_id, created) VALUES (107, 'Проектор', '861j4', 27, '2022-07-15 07:54:38.537603 +00:00');
INSERT INTO public.component (id, name, series_number, oi_id, created) VALUES (108, 'Мышь', '549d1', 28, '2022-07-15 07:54:38.537603 +00:00');
INSERT INTO public.component (id, name, series_number, oi_id, created) VALUES (109, 'Клавиатура', '549d2', 28, '2022-07-15 07:54:38.537603 +00:00');
INSERT INTO public.component (id, name, series_number, oi_id, created) VALUES (110, 'Монитор', '549d3', 28, '2022-07-15 07:54:38.537603 +00:00');
INSERT INTO public.component (id, name, series_number, oi_id, created) VALUES (111, 'Колонки', '549d4', 28, '2022-07-15 07:54:38.537603 +00:00');
INSERT INTO public.component (id, name, series_number, oi_id, created) VALUES (112, 'Проектор', '549d5', 28, '2022-07-15 07:54:38.537603 +00:00');
INSERT INTO public.component (id, name, series_number, oi_id, created) VALUES (113, 'Мышь', '736v1', 29, '2022-07-15 07:54:38.537603 +00:00');
INSERT INTO public.component (id, name, series_number, oi_id, created) VALUES (114, 'Клавиатура', '736v2', 29, '2022-07-15 07:54:38.537603 +00:00');
INSERT INTO public.component (id, name, series_number, oi_id, created) VALUES (115, 'Монитор', '736v3', 29, '2022-07-15 07:54:38.537603 +00:00');
INSERT INTO public.component (id, name, series_number, oi_id, created) VALUES (116, 'Принтер', '736v4', 29, '2022-07-15 07:54:38.537603 +00:00');
INSERT INTO public.component (id, name, series_number, oi_id, created) VALUES (117, 'Мышь', '321f1', 30, '2022-07-15 07:54:38.537603 +00:00');
INSERT INTO public.component (id, name, series_number, oi_id, created) VALUES (118, 'Клавиатура', '321f2', 30, '2022-07-15 07:54:38.537603 +00:00');
INSERT INTO public.component (id, name, series_number, oi_id, created) VALUES (119, 'Монитор', '321f3', 30, '2022-07-15 07:54:38.537603 +00:00');
INSERT INTO public.component (id, name, series_number, oi_id, created) VALUES (120, 'Колонки', '321f4', 30, '2022-07-15 07:54:38.537603 +00:00');

-- military_base
INSERT INTO public.military_base (id, name, base_number, location, created) VALUES (1, '146-я отдельная радиотехническая Краснознаменная бригада ОсН', '75752', '188660, Ленинградская обл., Всеволожский р-н, пос.Бугры, в/ч 75752', '2022-07-15 07:54:17.023220 +00:00');
INSERT INTO public.military_base (id, name, base_number, location, created) VALUES (3, '876-й отдельный радиопеленгаторный узел связи', '41480', '188358, Ленинградская обл., Гатчинский р-н, пос.Тойворово, в/ч 41480', '2022-07-15 07:54:17.023220 +00:00');
INSERT INTO public.military_base (id, name, base_number, location, created) VALUES (4, '140-й гвардейский инженерно-саперный Кингисеппский Краснознаменный ордена Александра Невского полк', '18437', '188656, Ленинградская обл., Всеволожский р-н, дер.Керро, в/ч 18437', '2022-07-15 07:54:17.023220 +00:00');
INSERT INTO public.military_base (id, name, base_number, location, created) VALUES (5, '2279-я база инженерных боеприпасов', '28314', '188686, Ленинградская обл., Всеволожский р-н, пос.Мяглово, в/ч 28314', '2022-07-15 07:54:17.023220 +00:00');
INSERT INTO public.military_base (id, name, base_number, location, created) VALUES (6, '140 отдельный батальон связи тыла', '73690', '188650, Ленинградская обл., Всеволожский р-н, г.Сертолово, в/ч 73690	', '2022-07-15 07:54:17.023220 +00:00');
INSERT INTO public.military_base (id, name, base_number, location, created) VALUES (7, '40-й государственный научно-исследовательский институт МО РФ', '20914', '188512, Санкт-Петербург, г.Ломоносов, ул.Морская, 4', '2022-07-15 07:54:17.023220 +00:00');
INSERT INTO public.military_base (id, name, base_number, location, created) VALUES (8, '876-й отдельный радиопеленгаторный узел связи', '41480', '188358, Ленинградская обл., Гатчинский р-н, пос.Тойворово, в/ч 41480', '2022-07-15 07:54:17.023220 +00:00');
INSERT INTO public.military_base (id, name, base_number, location, created) VALUES (9, '19-й научно-исследовательский ордена Октябрьской революции Краснознаменный
ордена Отечественной войны полигон (РАВ)', '33491', '195043, г. Санкт-Петербург, ш.Рябовское, 130', '2022-07-15 07:54:17.023220 +00:00');
INSERT INTO public.military_base (id, name, base_number, location, created) VALUES (10, '962-й отдельный радиотехнический центр', '32229', 'Ленинградская обл., г.Ивангород, в/ч 32229', '2022-07-15 07:54:17.023220 +00:00');
INSERT INTO public.military_base (id, name, base_number, location, created) VALUES (2, '138-я отдельная гвардейская мотострелковая Красносельская ордена Ленина Краснознаменная бригада', '02511', '188827, Ленинградская обл., Выборгский р-н, пос.Каменка, в/ч 02511', '2022-07-15 07:54:17.023220 +00:00');

-- object_informatization
INSERT INTO public.object_informatization (id, name, cert_id, si_id, scr_id, military_base_id, created) VALUES (16, 'Дозор штаба №1', 16, 16, 16, 6, '2022-07-15 07:54:11.818539 +00:00');
INSERT INTO public.object_informatization (id, name, cert_id, si_id, scr_id, military_base_id, created) VALUES (30, 'Дозор штаба №3', 30, 30, 30, 10, '2022-07-15 07:54:11.818539 +00:00');
INSERT INTO public.object_informatization (id, name, cert_id, si_id, scr_id, military_base_id, created) VALUES (1, 'Дозор штаба №1', 1, 1, 1, 1, '2022-07-15 07:54:11.818539 +00:00');
INSERT INTO public.object_informatization (id, name, cert_id, si_id, scr_id, military_base_id, created) VALUES (23, 'Дозор штаба №2', 23, 23, 23, 8, '2022-07-15 07:54:11.818539 +00:00');
INSERT INTO public.object_informatization (id, name, cert_id, si_id, scr_id, military_base_id, created) VALUES (12, 'Дозор штаба №3', 12, 12, 12, 4, '2022-07-15 07:54:11.818539 +00:00');
INSERT INTO public.object_informatization (id, name, cert_id, si_id, scr_id, military_base_id, created) VALUES (21, 'Дозор штаба №3', 21, 21, 21, 7, '2022-07-15 07:54:11.818539 +00:00');
INSERT INTO public.object_informatization (id, name, cert_id, si_id, scr_id, military_base_id, created) VALUES (3, 'Дозор штаба №3', 3, 3, 3, 1, '2022-07-15 07:54:11.818539 +00:00');
INSERT INTO public.object_informatization (id, name, cert_id, si_id, scr_id, military_base_id, created) VALUES (9, 'Дозор штаба №3', 9, 9, 9, 3, '2022-07-15 07:54:11.818539 +00:00');
INSERT INTO public.object_informatization (id, name, cert_id, si_id, scr_id, military_base_id, created) VALUES (19, 'Дозор штаба №1', 19, 19, 19, 7, '2022-07-15 07:54:11.818539 +00:00');
INSERT INTO public.object_informatization (id, name, cert_id, si_id, scr_id, military_base_id, created) VALUES (25, 'Дозор штаба №1', 25, 25, 25, 9, '2022-07-15 07:54:11.818539 +00:00');
INSERT INTO public.object_informatization (id, name, cert_id, si_id, scr_id, military_base_id, created) VALUES (20, 'Дозор штаба №2', 20, 20, 20, 7, '2022-07-15 07:54:11.818539 +00:00');
INSERT INTO public.object_informatization (id, name, cert_id, si_id, scr_id, military_base_id, created) VALUES (11, 'Дозор штаба №2', 11, 11, 11, 4, '2022-07-15 07:54:11.818539 +00:00');
INSERT INTO public.object_informatization (id, name, cert_id, si_id, scr_id, military_base_id, created) VALUES (13, 'Дозор штаба №1', 13, 13, 13, 5, '2022-07-15 07:54:11.818539 +00:00');
INSERT INTO public.object_informatization (id, name, cert_id, si_id, scr_id, military_base_id, created) VALUES (14, 'Дозор штаба №2', 14, 14, 14, 5, '2022-07-15 07:54:11.818539 +00:00');
INSERT INTO public.object_informatization (id, name, cert_id, si_id, scr_id, military_base_id, created) VALUES (18, 'Дозор штаба №3', 18, 18, 18, 6, '2022-07-15 07:54:11.818539 +00:00');
INSERT INTO public.object_informatization (id, name, cert_id, si_id, scr_id, military_base_id, created) VALUES (22, 'Дозор штаба №1', 22, 22, 22, 8, '2022-07-15 07:54:11.818539 +00:00');
INSERT INTO public.object_informatization (id, name, cert_id, si_id, scr_id, military_base_id, created) VALUES (5, 'Дозор штаба №2', 5, 5, 5, 2, '2022-07-15 07:54:11.818539 +00:00');
INSERT INTO public.object_informatization (id, name, cert_id, si_id, scr_id, military_base_id, created) VALUES (15, 'Дозор штаба №3', 15, 15, 15, 5, '2022-07-15 07:54:11.818539 +00:00');
INSERT INTO public.object_informatization (id, name, cert_id, si_id, scr_id, military_base_id, created) VALUES (24, 'Дозор штаба №3', 24, 24, 24, 8, '2022-07-15 07:54:11.818539 +00:00');
INSERT INTO public.object_informatization (id, name, cert_id, si_id, scr_id, military_base_id, created) VALUES (29, 'Дозор штаба №2', 29, 29, 29, 10, '2022-07-15 07:54:11.818539 +00:00');
INSERT INTO public.object_informatization (id, name, cert_id, si_id, scr_id, military_base_id, created) VALUES (17, 'Дозор штаба №2', 17, 17, 17, 6, '2022-07-15 07:54:11.818539 +00:00');
INSERT INTO public.object_informatization (id, name, cert_id, si_id, scr_id, military_base_id, created) VALUES (10, 'Дозор штаба №1', 10, 10, 10, 4, '2022-07-15 07:54:11.818539 +00:00');
INSERT INTO public.object_informatization (id, name, cert_id, si_id, scr_id, military_base_id, created) VALUES (27, 'Дозор штаба №3', 27, 27, 27, 9, '2022-07-15 07:54:11.818539 +00:00');
INSERT INTO public.object_informatization (id, name, cert_id, si_id, scr_id, military_base_id, created) VALUES (2, 'Дозор штаба №2', 2, 2, 2, 1, '2022-07-15 07:54:11.818539 +00:00');
INSERT INTO public.object_informatization (id, name, cert_id, si_id, scr_id, military_base_id, created) VALUES (8, 'Дозор штаба №2', 8, 8, 8, 3, '2022-07-15 07:54:11.818539 +00:00');
INSERT INTO public.object_informatization (id, name, cert_id, si_id, scr_id, military_base_id, created) VALUES (26, 'Дозор штаба №2', 26, 26, 26, 9, '2022-07-15 07:54:11.818539 +00:00');
INSERT INTO public.object_informatization (id, name, cert_id, si_id, scr_id, military_base_id, created) VALUES (4, 'Дозор штаба №1', 4, 4, 4, 2, '2022-07-15 07:54:11.818539 +00:00');
INSERT INTO public.object_informatization (id, name, cert_id, si_id, scr_id, military_base_id, created) VALUES (7, 'Дозор штаба №1', 7, 7, 7, 3, '2022-07-15 07:54:11.818539 +00:00');
INSERT INTO public.object_informatization (id, name, cert_id, si_id, scr_id, military_base_id, created) VALUES (6, 'Дозор штаба №3', 6, 6, 6, 2, '2022-07-15 07:54:11.818539 +00:00');
INSERT INTO public.object_informatization (id, name, cert_id, si_id, scr_id, military_base_id, created) VALUES (28, 'Дозор штаба №1', 28, 28, 28, 10, '2022-07-15 07:54:11.818539 +00:00');
